{

  "data_set": "hamster",
  "radio": 0.9,
  "batchSize": 32,
  "epochs": 100,
  "learning_rate": 0.0001,
  "module_name": "MihGNNEmbedding12",
  "MihGNNEmbedding1": {
    "embedding_size": 64,
    "layers": 2,
    "steps": 2,
    "delays": [0.001, 0.0001]
  },
  "MihGNNEmbedding2": {
    "embedding_size": 64,
    "layers": 1,
    "steps": 3,
    "delays": [1.0, 0.1, 0.01]
  },
  "MihGNNEmbedding3": {
    "embedding_size": 128,
    "layers": 3,
    "steps": 1,
    "delays": [1.0]
  },
  "MihGNNEmbedding4": {
    "embedding_size": 128,
    "layers": 2,
    "steps": 1,
    "delays": [1.0]
  },
  "MihGNNEmbedding5": {
    "embedding_size": 64,
    "layers": 2,
    "steps": 2,
    "delays": [1.0, 0.1]
  },
  "MihGNNEmbedding6": {
    "embedding_size": 64,
    "layers": 3,
    "steps": 1,
    "delays": [1.0]
  },
  "MihGNNEmbedding7": {
    "embedding_size": 128,
    "layers": 3,
    "steps": 1,
    "delays": [1.0]
  },
  "MihGNNEmbedding8": {
    "embedding_size": 64,
    "layers": 2,
    "steps": 2,
    "delays": [1.0, 0.1]
  },
  "MihGNNEmbedding9": {
    "embedding_size": 64,
    "layers": 2,
    "steps": 2,
    "delays": [1.0, 0.1]
  },
  "MihGNNEmbedding10": {
    "embedding_size": 128,
    "layers": 2,
    "steps": 2,
    "delays": [1.0, 0.1]
  },
  "MihGNNEmbedding11": {
    "embedding_size": 128,
    "layers": 2,
    "steps": 2,
    "delays": [1.0, 0.1]
  },
  "MihGNNEmbedding12": {
    "embedding_size": 128,
    "layers": 2,
    "steps": 2,
    "delays": [1.0, 0.1]
  },
  "MihGNNEmbedding13": {
    "embedding_size": 128,
    "layers": 2,
    "steps": 2,
    "delays": [1.0, 1.0]
  },
  "PolysemousNetworkEmbedding": {
    "embedding_size": 64,
    "layers": 3,
    "K": 4,
    "alpha": 0.3,
    "P_epochs": 2000
  },
  "MihPolysemousNetworkEmbedding": {
    "embedding_size": 64,
    "layers": 3,
    "K": 6,
    "alpha": 0.3,
    "P_epochs": 2000
  }
}
