{
  "data_set": "USAir",
  "module_name": "DeepWalk",
  "batchSize": 48,
  "epochs": 20,
  "radio": 0.9,
  "Node2Vec":{
    "embed_size": 30,
    "walk_length": 20,
    "num_walks": 10,
    "walker": 1,
    "p":0.25,
    "q":4,
    "window_size": 5,
    "iter": 5,
    "workers":1,
    "sample_method": "under_sample"
  },
  "DeepWalk": {
    "embed_size": 30,
    "walk_length": 20,
    "num_walks": 10,
    "window_size": 5,
    "iter": 5,
    "workers":1,
    "sample_method": "under_sample"
  }
}
